agent_id,start_pos,path
0,225,"['225', '217', '215', '213', '211', '209', '208', '206', '207', '205', '184', '185', '183', '179', '40', '1', '40', '179', '183', '185', '184', '205', '207', '206', '208', '209', '211', '213', '215', '217', '219', '217', '215', '213', '211', '209', '208', '206', '207', '205', '184', '185', '183', '179', '177', '181', '271', '269', '189', '183', '179', '40', '1', '40', '1', '40', '179', '177', '181', '271', '269', '169', '265', '267', '189', '183', '179', '177', '181', '271', '171', '169', '167', '169', '265', '267', '189', '269', '271', '171', '169', '269', '189', '183', '179', '40', '1', '40', '179', '183', '189', '269', '271', '181', '35', '181', '271', '269', '169', '167']"
1,225,"['225', '217', '219', '217', '215', '213', '229', '213', '211', '209', '208', '206', '207', '275', '273', '199', '173', '171', '271', '269', '169', '167', '169', '265', '267', '189', '187', '191', '193', '195', '161', '159', '157', '119', '120', '121', '123', '61', '60', 'River', '60', '601', '61', '123', '121', '125', '127', '129', '131', '129', '139', '141', '143', '15', '143', '141', '145', '141', '139', '129', '127', '20', '3', '20', '3', '20', '127', '125', '153', '151', '119', '157', '159', '161', '163', '164', '166', '164', '163', '265', '267', '193', '113', '111', '197', '191', '187', '204', '185', '183', '179', '40', '1', '40', '1', '40', '179', '177', '181', '271']"
2,225,"['225', '217', '225', '217', '219', '217', '215', '213', '215', '213', '229', '231', '229', '213', '211', '209', '208', '206', '207', '275', '273', '199', '201', '203', '201', '275', '273', '199', '173', '171', '169', '265', '267', '189', '187', '191', '193', '195', '161', '159', '157', '119', '120', '121', '123', '61', '60', '601', '61', '123', '121', '119', '120', '121', '123', '61', '60', 'River', '60', '601', '61', '123', '121', '119', '120', '121', '123', '61', '60', '601', '61', '123', '121', '125', '127', '129', '139', '141', '143', '15', '143', '141', '145', '147', '149', '151', '153', '125', '121', '119', '120', '121', '123', '61', '60', 'River', '60', 'River', '60', '601']"
3,225,"['225', '217', '215', '217', '225', '217', '219', '217', '215', '217', '225', '217', '215', '213', '215', '217', '219', '217', '225', '217', '215', '213', '211', '237', '239', '249', '247', '255', '251', '249', '239', '237', '229', '213', '229', '237', '239', '249', '247', '255', '251', '249', '239', '241', '247', '249', '251', '255', '253', '255', '50', '2', '50', '255', '247', '241', '239', '249', '247', '255', '251', '249', '239', '237', '229', '213', '211', '237', '239', '249', '247', '255', '251', '249', '239', '241', '243', '241', '247', '249', '251', '255', '253', '255', '247', '241', '239', '237', '211', '213', '215', '217', '219', '217', '225', '217', '215', '213', '229', '237']"
4,225,"['225', '217', '215', '213', '229', '231', '229', '231', '229', '237', '239', '241', '247', '249', '251', '255', '253', '255', '50', '2', '50', '255', '247', '241', '239', '237', '211', '237', '229', '231', '229', '213', '211', '209', '208', '206', '207', '275', '201', '203', '201', '275', '273', '199', '173', '171', '169', '269', '169', '167', '169', '265', '267', '189', '183', '179', '177', '181', '271', '269', '189', '183', '179', '40', '1', '40', '179', '40', '1', '40', '179', '177', '181', '271', '269', '189', '183', '179', '40', '1', '40', '179', '40', '1', '40', '179', '177', '181', '271', '269', '169', '167', '169', '265', '267', '189', '269', '169', '167', '169']"
5,225,"['225', '217', '215', '213', '215', '217', '225', '217', '219', '217', '215', '213', '229', '231', '229', '237', '211', '209', '208', '206', '207', '275', '273', '199', '173', '171', '169', '265', '267', '189', '187', '191', '193', '195', '161', '159', '157', '119', '120', '121', '123', '61', '60', '601', '61', '123', '121', '125', '127', '129', '127', '20', '3', '20', '127', '125', '153', '151', '119', '157', '159', '161', '163', '164', '166', '164', '163', '265', '267', '189', '269', '271', '171', '169', '269', '169', '167', '169', '171', '173', '199', '201', '203', '201', '275', '207', '205', '273', '275', '201', '199', '273', '205', '184', '185', '204', '187', '189', '183', '179']"
6,225,"['225', '217', '215', '213', '211', '237', '229', '237', '239', '241', '243', '241', '239', '249', '239', '241', '243', '241', '247', '249', '251', '255', '253', '255', '50', '2', '50', '255', '253', '255', '50', '2', '50', '255', '247', '241', '239', '237', '229', '213', '211', '209', '208', '206', '207', '205', '273', '199', '173', '171', '271', '181', '177', '181', '271', '171', '169', '167', '169', '265', '267', '189', '187', '191', '193', '195', '161', '159', '157', '119', '120', '121', '123', '61', '60', '601', '61', '123', '121', '119', '120', '121', '123', '61', '60', 'River', '60', '601', '61', '60', 'River', '60', '601', '61', '601', '60', 'River', '60', '601', '61']"
7,225,"['225', '217', '215', '213', '211', '213', '211', '237', '211', '213', '211', '209', '208', '206', '207', '275', '273', '199', '173', '171', '169', '265', '267', '189', '269', '271', '171', '169', '269', '271', '171', '169', '265', '267', '189', '269', '271', '171', '169', '167', '169', '265', '267', '189', '187', '191', '193', '113', '111', '197', '191', '193', '195', '161', '159', '157', '119', '120', '121', '119', '120', '121', '123', '61', '60', 'River', '60', '601', '61', '123', '121', '119', '120', '121', '123', '61', '60', '601', '61', '123', '121', '120', '257', '120', '117', '115', '107', '105', '263', '259', '257', '120', '117', '261', '257', '120', '117', '261', '257', '120']"
8,225,"['225', '217', '215', '213', '211', '209', '211', '209', '208', '206', '207', '275', '273', '199', '173', '171', '271', '181', '35', '181', '271', '269', '169', '171', '169', '167', '169', '167', '169', '265', '267', '189', '187', '191', '193', '195', '161', '159', '157', '119', '120', '121', '123', '61', '60', '601', '61', '123', '121', '125', '127', '125', '153', '151', '119', '120', '117', '115', '107', '105', '263', '261', '117', '115', '107', '105', '263', '261', '117', '115', '107', '105', '263', '259', '257', '261', '263', '105', '101', '10', 'Lake', '10', '101', '103', '101', '105', '107', '115', '111', '113', '115', '117', '120', '119', '121', '120', '119', '121', '123', '61']"
9,225,"['225', '217', '215', '213', '211', '209', '208', '209', '211', '237', '211', '213', '211', '237', '239', '237', '229', '213', '211', '237', '229', '231', '229', '237', '211', '209', '208', '206', '207', '275', '273', '199', '173', '171', '271', '181', '177', '179', '183', '189', '187', '191', '193', '195', '161', '159', '157', '119', '120', '121', '123', '61', '60', 'River', '60', '601', '61', '123', '121', '125', '127', '125', '121', '120', '257', '259', '257', '261', '257', '120', '117', '261', '257', '120', '117', '261', '117', '115', '107', '105', '263', '259', '257', '259', '263', '261', '257', '120', '117', '261', '257', '259', '263', '261', '117', '115', '107', '105', '263', '259']"
10,225,"['225', '217', '215', '213', '211', '209', '208', '206', '208', '209', '211', '237', '229', '237', '211', '213', '215', '217', '215', '213', '229', '213', '215', '217', '219', '217', '225', '217', '215', '213', '211', '237', '211', '213', '215', '213', '211', '209', '208', '206', '207', '275', '201', '203', '201', '199', '173', '171', '271', '181', '35', '181', '35', '181', '35', '181', '177', '179', '183', '185', '204', '187', '191', '193', '113', '111', '197', '191', '193', '113', '111', '197', '191', '193', '195', '161', '159', '157', '119', '120', '117', '261', '257', '261', '117', '120', '119', '121', '120', '117', '261', '257', '120', '121', '123', '61', '60', '601', '61', '60']"
11,225,"['225', '217', '215', '213', '211', '209', '208', '206', '207', '275', '273', '199', '173', '171', '271', '181', '35', '181', '177', '181', '35', '181', '271', '269', '169', '265', '267', '189', '187', '191', '193', '195', '161', '159', '157', '119', '120', '121', '123', '61', '60', 'River', '60', 'River', '60', 'River', '60', 'River', '60', '601', '61', '123', '121', '125', '153', '151', '119', '121', '120', '257', '259', '263', '261', '117', '115', '107', '105', '263', '259', '257', '261', '263', '105', '101', '10', 'Lake', '10', '101', '103', '109', '111', '115', '113', '115', '117', '261', '117', '115', '113', '193', '191', '197', '111', '109', '103', '101', '105', '263', '259', '257']"
12,225,"['225', '217', '215', '213', '211', '209', '208', '206', '207', '206', '208', '209', '211', '209', '208', '206', '207', '275', '273', '199', '173', '171', '271', '171', '173', '199', '201', '203', '201', '275', '201', '203', '201', '275', '207', '206', '208', '209', '211', '209', '208', '206', '207', '275', '201', '203', '201', '199', '201', '199', '273', '199', '173', '171', '169', '269', '271', '171', '169', '269', '169', '167', '169', '265', '267', '189', '187', '191', '187', '204', '185', '183', '179', '40', '1', '40', '179', '183', '185', '204', '187', '191', '193', '113', '111', '197', '191', '187', '189', '267', '193', '113', '111', '115', '113', '111', '197', '191', '187', '189']"
13,225,"['225', '217', '215', '213', '211', '209', '208', '206', '207', '205', '273', '205', '184', '185', '204', '187', '189', '267', '193', '113', '111', '197', '191', '187', '189', '267', '193', '113', '111', '197', '191', '187', '204', '185', '183', '189', '187', '191', '193', '195', '161', '159', '157', '119', '120', '121', '123', '61', '60', 'River', '60', '601', '61', '123', '121', '119', '151', '149', '147', '145', '141', '139', '129', '127', '125', '153', '151', '119', '120', '121', '123', '61', '60', '601', '61', '123', '121', '125', '121', '120', '257', '259', '263', '261', '257', '120', '121', '123', '61', '601', '60', 'River', '60', '601', '61', '60', '601', '61', '123', '121']"
14,225,"['225', '217', '215', '213', '211', '209', '208', '206', '207', '205', '207', '205', '207', '205', '184', '185', '204', '187', '189', '267', '193', '113', '111', '197', '191', '187', '204', '185', '183', '189', '269', '271', '171', '169', '167', '169', '265', '267', '189', '183', '179', '40', '1', '40', '1', '40', '179', '177', '181', '35', '181', '177', '181', '271', '269', '169', '167', '169', '265', '267', '189', '187', '204', '185', '183', '189', '269', '271', '171', '169', '269', '169', '265', '267', '189', '269', '271', '181', '177', '179', '183', '179', '177', '181', '271', '269', '169', '167', '169', '265', '267', '189', '187', '191', '193', '195', '161', '159', '157', '119']"
15,225,"['225', '217', '215', '213', '211', '209', '208', '206', '207', '205', '184', '205', '273', '205', '207', '205', '184', '185', '204', '187', '189', '267', '193', '113', '111', '197', '191', '187', '204', '185', '183', '189', '269', '271', '171', '169', '269', '271', '171', '169', '265', '267', '189', '269', '271', '171', '173', '199', '273', '205', '184', '185', '204', '185', '183', '185', '184', '185', '204', '187', '189', '267', '193', '113', '111', '197', '191', '187', '189', '267', '193', '113', '111', '197', '191', '187', '204', '185', '183', '189', '187', '204', '185', '183', '185', '184', '205', '184', '185', '184', '205', '207', '206', '208', '209', '211', '213', '215', '217', '219']"
16,225,"['225', '217', '215', '213', '211', '209', '208', '206', '207', '205', '184', '185', '204', '187', '189', '267', '193', '113', '111', '197', '191', '187', '189', '267', '193', '113', '111', '197', '191', '187', '204', '185', '183', '189', '269', '271', '171', '169', '167', '169', '269', '271', '171', '169', '265', '267', '193', '195', '161', '159', '157', '119', '151', '149', '147', '145', '141', '139', '129', '131', '129', '139', '141', '143', '15', '143', '141', '145', '141', '139', '129', '127', '20', '3', '20', '127', '125', '153', '151', '119', '121', '125', '153', '151', '119', '121', '120', '257', '259', '263', '261', '117', '115', '107', '105', '263', '259', '257', '261', '263']"
17,225,"['225', '217', '215', '213', '211', '209', '208', '206', '207', '205', '184', '185', '184', '205', '273', '205', '207', '205', '273', '205', '184', '185', '204', '185', '183', '189', '269', '271', '171', '169', '167', '169', '269', '169', '265', '267', '189', '269', '271', '171', '169', '269', '271', '171', '169', '265', '267', '189', '269', '271', '171', '169', '265', '267', '189', '183', '179', '40', '1', '40', '179', '177', '181', '271', '269', '169', '167', '169', '265', '267', '189', '183', '185', '184', '205', '207', '206', '208', '209', '211', '213', '215', '217', '219', '217', '225', '217', '215', '213', '229', '231', '229', '237', '239', '241', '243', '241', '247', '249', '251']"
18,225,"['225', '217', '215', '213', '211', '209', '208', '206', '207', '205', '184', '185', '183', '189', '187', '191', '193', '195', '161', '159', '157', '119', '120', '121', '123', '61', '60', 'River', '60', '601', '61', '123', '121', '125', '127', '129', '131', '129', '139', '141', '143', '15', '143', '141', '145', '147', '149', '151', '153', '125', '121', '120', '257', '259', '263', '261', '117', '120', '257', '259', '263', '105', '101', '10', 'Lake', '10', '101', '103', '109', '111', '115', '113', '115', '117', '120', '121', '123', '61', '60', '601', '61', '123', '121', '119', '151', '119', '157', '119', '120', '257', '259', '263', '261', '117', '115', '107', '105', '101', '10', 'Lake']"
19,225,"['225', '217', '215', '213', '211', '209', '208', '206', '207', '205', '184', '185', '183', '185', '183', '189', '187', '191', '193', '195', '161', '159', '157', '119', '120', '121', '123', '61', '60', 'River', '60', '601', '61', '123', '121', '125', '127', '129', '127', '20', '3', '20', '127', '129', '139', '141', '143', '15', '143', '141', '145', '147', '149', '151', '149', '147', '145', '147', '149', '151', '153', '125', '127', '129', '131', '129', '139', '141', '143', '15', '143', '141', '145', '147', '149', '151', '153', '125', '127', '129', '131', '129', '139', '141', '143', '15', '143', '141', '145', '147', '149', '151', '153', '125', '121', '119', '120', '121', '125', '127']"
20,225,"['225', '217', '215', '213', '211', '209', '208', '206', '207', '205', '184', '185', '183', '179', '177', '181', '177', '181', '271', '171', '173', '199', '173', '171', '271', '269', '169', '171', '271', '269', '169', '167', '169', '265', '267', '189', '269', '169', '265', '267', '189', '183', '179', '40', '179', '177', '181', '271', '171', '169', '167', '169', '269', '189', '187', '191', '193', '195', '161', '159', '157', '119', '120', '121', '123', '61', '60', 'River', '60', 'River', '60', '601', '61', '123', '121', '125', '127', '20', '3', '20', '127', '125', '121', '120', '119', '157', '159', '161', '195', '193', '113', '111', '109', '103', '101', '105', '107', '115', '111', '109']"
21,225,"['225', '217', '215', '213', '211', '209', '208', '206', '207', '205', '184', '185', '183', '179', '183', '179', '177', '179', '177', '179', '40', '1', '40', '1', '40', '179', '177', '181', '271', '171', '173', '171', '271', '181', '177', '179', '183', '185', '204', '187', '189', '269', '169', '167', '169', '269', '189', '183', '179', '40', '1', '40', '179', '183', '185', '184', '205', '207', '206', '208', '209', '211', '213', '215', '217', '219', '217', '225', '217', '215', '213', '229', '231', '229', '237', '239', '241', '243', '241', '247', '249', '251', '255', '253', '255', '50', '2', '50', '255', '247', '241', '239', '249', '247', '255', '251', '249', '239', '237', '211']"
22,225,"['225', '217', '215', '213', '211', '209', '208', '206', '207', '205', '184', '185', '183', '179', '40', '179', '40', '1', '40', '1', '40', '179', '177', '181', '271', '171', '173', '171', '169', '167', '169', '171', '169', '269', '271', '171', '169', '265', '267', '189', '269', '169', '167', '169', '269', '271', '171', '169', '265', '267', '189', '269', '271', '171', '173', '199', '173', '171', '173', '199', '173', '171', '271', '269', '169', '167', '169', '265', '163', '161', '195', '193', '267', '265', '163', '161', '163', '164', '166', '164', '163', '161', '195', '193', '113', '111', '115', '113', '193', '191', '197', '111', '115', '113', '193', '267', '189', '183', '179', '40']"
23,225,"['225', '217', '215', '213', '211', '209', '208', '206', '207', '205', '184', '185', '183', '179', '40', '1', '40', '179', '40', '179', '177', '181', '35', '181', '35', '181', '271', '269', '169', '171', '271', '181', '35', '181', '35', '181', '35', '181', '177', '179', '40', '1', '40', '179', '40', '1', '40', '179', '177', '181', '177', '179', '40', '1', '40', '179', '40', '1', '40', '179', '177', '181', '271', '171', '169', '265', '267', '189', '269', '271', '181', '35', '181', '35', '181', '177', '179', '40', '1', '40', '179', '177', '181', '271', '171', '173', '199', '201', '203', '201', '203', '201', '275', '207', '205', '273', '275', '201', '199', '273']"
24,225,"['225', '217', '215', '213', '211', '209', '208', '206', '207', '205', '184', '185', '183', '179', '40', '1', '40', '179', '183', '189', '187', '191', '193', '195', '161', '159', '157', '119', '120', '121', '123', '61', '60', 'River', '60', '601', '61', '123', '121', '125', '127', '129', '131', '129', '127', '20', '3', '20', '3', '20', '3', '20', '127', '125', '121', '120', '257', '259', '263', '261', '117', '115', '107', '105', '263', '259', '263', '105', '101', '10', 'Lake', '10', '101', '103', '109', '111', '115', '113', '193', '191', '197', '111', '109', '103', '109', '111', '197', '191', '187', '204', '185', '183', '179', '177', '181', '271', '269', '189', '267', '193']"
25,225,"['225', '217', '215', '213', '211', '209', '208', '206', '207', '205', '184', '185', '183', '179', '40', '1', '40', '179', '183', '179', '183', '189', '187', '191', '193', '195', '161', '159', '157', '119', '120', '121', '123', '61', '60', 'River', '60', '601', '61', '123', '121', '125', '127', '20', '3', '20', '127', '20', '127', '20', '127', '129', '131', '129', '139', '141', '139', '129', '127', '20', '3', '20', '127', '20', '127', '125', '153', '151', '119', '120', '121', '125', '127', '129', '131', '129', '127', '125', '153', '151', '119', '157', '159', '161', '163', '265', '169', '265', '267', '189', '269', '169', '167', '169', '265', '267', '193', '113', '115', '117']"
26,225,"['225', '217', '215', '213', '211', '209', '208', '206', '207', '205', '184', '185', '183', '179', '40', '1', '40', '179', '183', '185', '204', '187', '204', '187', '204', '185', '183', '189', '269', '169', '265', '267', '189', '269', '169', '167', '169', '269', '169', '265', '267', '189', '269', '271', '171', '169', '167', '169', '269', '169', '265', '267', '189', '269', '271', '181', '35', '181', '35', '181', '177', '179', '183', '185', '184', '185', '204', '187', '204', '185', '183', '189', '187', '191', '193', '195', '161', '159', '157', '119', '151', '149', '147', '145', '141', '139', '129', '127', '20', '3', '20', '127', '125', '153', '151', '119', '157', '159', '161', '163']"
27,225,"['225', '217', '215', '213', '211', '209', '208', '206', '207', '205', '184', '185', '183', '179', '40', '1', '40', '179', '183', '185', '183', '179', '40', '179', '177', '181', '35', '181', '35', '181', '177', '179', '183', '179', '40', '1', '40', '179', '40', '1', '40', '179', '177', '181', '35', '181', '35', '181', '177', '179', '183', '189', '187', '191', '193', '195', '161', '159', '157', '119', '151', '149', '147', '145', '141', '139', '129', '127', '125', '153', '151', '119', '157', '119', '120', '257', '259', '263', '261', '117', '115', '107', '105', '263', '259', '257', '261', '263', '105', '101', '10', 'Lake', '10', '101', '103', '109', '111', '113', '111', '197']"
28,225,"['225', '217', '215', '213', '211', '209', '208', '206', '207', '205', '184', '185', '183', '179', '40', '1', '40', '179', '183', '185', '184', '205', '273', '205', '184', '185', '184', '185', '184', '185', '184', '185', '184', '185', '184', '185', '204', '187', '189', '269', '271', '171', '169', '265', '267', '189', '187', '191', '193', '113', '111', '197', '191', '187', '189', '269', '169', '265', '267', '189', '269', '189', '183', '179', '40', '1', '40', '179', '177', '181', '271', '269', '169', '167', '169', '171', '271', '171', '169', '265', '163', '164', '166', '164', '163', '161', '195', '193', '267', '193', '195', '161', '159', '157', '119', '120', '121', '123', '61', '601']"
29,225,"['225', '217', '215', '213', '211', '209', '208', '206', '207', '205', '184', '185', '183', '179', '40', '1', '40', '179', '183', '185', '184', '205', '184', '185', '184', '205', '273', '205', '207', '205', '184', '205', '184', '205', '207', '205', '273', '275', '207', '275', '273', '199', '173', '171', '173', '199', '201', '203', '201', '203', '201', '199', '201', '199', '273', '199', '201', '199', '273', '199', '201', '199', '273', '205', '184', '205', '273', '199', '173', '171', '271', '171', '169', '265', '169', '269', '169', '167', '169', '269', '189', '267', '193', '195', '161', '159', '157', '159', '157', '119', '151', '149', '147', '145', '141', '139', '129', '127', '20', '3']"
30,225,"['225', '217', '215', '213', '211', '209', '208', '206', '207', '205', '184', '185', '183', '179', '40', '1', '40', '179', '183', '185', '184', '205', '207', '275', '273', '199', '173', '199', '201', '199', '173', '199', '201', '199', '173', '171', '173', '199', '201', '199', '173', '171', '173', '199', '201', '275', '201', '275', '207', '205', '207', '206', '207', '275', '273', '205', '207', '205', '184', '185', '183', '189', '267', '193', '195', '161', '159', '157', '119', '121', '125', '127', '125', '153', '151', '119', '157', '159', '161', '163', '164', '163', '265', '169', '171', '169', '167', '169', '265', '267', '189', '183', '185', '184', '205', '184', '185', '204', '187', '204']"
31,225,"['225', '217', '215', '213', '211', '209', '208', '206', '207', '205', '184', '185', '183', '179', '40', '1', '40', '179', '183', '185', '184', '205', '207', '205', '207', '275', '201', '199', '273', '205', '207', '275', '273', '199', '201', '203', '201', '275', '273', '199', '201', '199', '201', '199', '273', '275', '207', '205', '184', '185', '183', '179', '177', '179', '183', '189', '187', '191', '193', '195', '161', '159', '157', '119', '151', '149', '147', '145', '147', '149', '151', '149', '147', '145', '141', '139', '129', '127', '20', '3', '20', '127', '125', '153', '151', '149', '147', '145', '141', '139', '129', '127', '20', '3', '20', '127', '125', '153', '151', '119']"
32,225,"['225', '217', '215', '213', '211', '209', '208', '206', '207', '205', '184', '185', '183', '179', '40', '1', '40', '179', '183', '185', '184', '205', '207', '206', '207', '205', '184', '205', '184', '205', '273', '205', '207', '206', '208', '209', '211', '213', '229', '231', '229', '237', '239', '237', '229', '213', '211', '237', '211', '209', '208', '206', '208', '206', '207', '275', '201', '203', '201', '199', '273', '205', '184', '185', '204', '187', '189', '267', '193', '195', '161', '163', '164', '166', '164', '163', '265', '169', '269', '189', '183', '185', '184', '205', '207', '206', '208', '209', '211', '209', '208', '206', '207', '205', '273', '275', '201', '203', '201', '275']"
33,225,"['225', '217', '215', '213', '211', '209', '208', '206', '207', '205', '184', '185', '183', '179', '40', '1', '40', '179', '183', '185', '184', '205', '207', '206', '208', '206', '207', '275', '273', '199', '201', '199', '273', '205', '184', '205', '184', '185', '183', '179', '177', '181', '271', '181', '177', '179', '183', '185', '184', '205', '273', '205', '207', '205', '273', '275', '207', '206', '207', '275', '201', '203', '201', '275', '207', '205', '184', '185', '204', '187', '189', '187', '191', '187', '204', '185', '183', '185', '184', '205', '207', '275', '273', '199', '173', '171', '169', '171', '173', '199', '273', '275', '207', '206', '207', '275', '207', '205', '273', '275']"
34,225,"['225', '217', '215', '213', '211', '209', '208', '206', '207', '205', '184', '185', '183', '179', '40', '1', '40', '179', '183', '185', '184', '205', '207', '206', '208', '209', '211', '209', '208', '206', '207', '205', '273', '275', '201', '199', '273', '199', '173', '171', '173', '199', '273', '205', '184', '185', '204', '187', '191', '193', '195', '161', '159', '157', '119', '121', '123', '61', '60', 'River', '60', '601', '61', '123', '121', '125', '121', '119', '157', '159', '161', '159', '157', '159', '161', '163', '161', '163', '164', '166', '164', '166', '164', '163', '265', '169', '269', '189', '183', '179', '40', '1', '40', '179', '177', '181', '35', '181', '177', '181']"
35,225,"['225', '217', '215', '213', '211', '209', '208', '206', '207', '205', '184', '185', '183', '179', '40', '1', '40', '179', '183', '185', '184', '205', '207', '206', '208', '209', '211', '213', '229', '213', '215', '213', '215', '217', '215', '217', '215', '213', '211', '213', '215', '213', '211', '209', '208', '206', '207', '206', '207', '206', '208', '209', '208', '209', '208', '206', '207', '275', '273', '205', '184', '185', '204', '187', '189', '269', '271', '171', '169', '269', '189', '267', '193', '113', '111', '197', '191', '187', '204', '185', '183', '189', '187', '191', '193', '195', '161', '159', '161', '163', '164', '166', '164', '163', '265', '163', '161', '163', '164', '166']"
36,225,"['225', '217', '215', '213', '211', '209', '208', '206', '207', '205', '184', '185', '183', '179', '40', '1', '40', '179', '183', '185', '184', '205', '207', '206', '208', '209', '211', '213', '211', '237', '229', '231', '229', '231', '229', '213', '215', '217', '215', '213', '229', '213', '215', '213', '229', '231', '229', '237', '229', '213', '211', '237', '229', '213', '211', '209', '208', '206', '208', '209', '211', '237', '229', '213', '211', '209', '208', '206', '207', '275', '273', '199', '173', '171', '271', '181', '35', '181', '35', '181', '177', '179', '183', '185', '184', '185', '204', '187', '204', '185', '183', '189', '183', '179', '40', '1', '40', '179', '177', '179']"
37,225,"['225', '217', '215', '213', '211', '209', '208', '206', '207', '205', '184', '185', '183', '179', '40', '1', '40', '179', '183', '185', '184', '205', '207', '206', '208', '209', '211', '213', '215', '217', '225', '217', '225', '217', '219', '217', '219', '217', '219', '217', '215', '217', '225', '217', '219', '217', '225', '217', '219', '217', '225', '217', '219', '217', '225', '217', '219', '217', '225', '217', '219', '217', '225', '217', '219', '217', '225', '217', '219', '217', '225', '217', '215', '213', '211', '209', '208', '206', '207', '275', '273', '199', '201', '275', '207', '205', '273', '275', '207', '205', '273', '199', '173', '171', '169', '269', '189', '187', '191', '193']"
38,225,"['225', '217', '215', '213', '211', '209', '208', '206', '207', '205', '184', '185', '183', '179', '40', '1', '40', '179', '183', '185', '184', '205', '207', '206', '208', '209', '211', '213', '215', '217', '215', '217', '219', '217', '225', '217', '225', '217', '225', '217', '219', '217', '215', '217', '215', '213', '215', '217', '215', '213', '215', '217', '215', '213', '215', '217', '215', '213', '211', '237', '229', '213', '211', '237', '211', '213', '215', '213', '211', '209', '208', '206', '207', '275', '273', '199', '173', '171', '173', '171', '173', '199', '173', '171', '271', '171', '173', '199', '201', '203', '201', '275', '201', '199', '273', '199', '201', '199', '273', '199']"
39,225,"['225', '217', '215', '213', '211', '209', '208', '206', '207', '205', '184', '185', '183', '179', '40', '1', '40', '179', '183', '185', '184', '205', '207', '206', '208', '209', '211', '213', '215', '217', '219', '217', '215', '213', '211', '237', '211', '237', '211', '237', '239', '241', '243', '241', '239', '249', '239', '241', '243', '241', '247', '249', '251', '255', '253', '255', '50', '2', '50', '255', '253', '255', '50', '2', '50', '255', '247', '241', '239', '237', '211', '209', '208', '206', '207', '275', '273', '199', '173', '199', '201', '203', '201', '199', '201', '203', '201', '275', '201', '199', '173', '171', '271', '171', '173', '199', '173', '171', '271', '181']"
40,225,"['225', '217', '215', '213', '211', '209', '208', '206', '207', '205', '184', '185', '183', '179', '40', '1', '40', '179', '183', '185', '184', '205', '207', '206', '208', '209', '211', '213', '215', '217', '219', '217', '215', '213', '211', '213', '229', '231', '229', '237', '211', '213', '229', '231', '229', '237', '239', '237', '239', '241', '239', '249', '239', '237', '229', '213', '215', '217', '215', '213', '211', '209', '208', '206', '207', '206', '208', '209', '208', '206', '207', '275', '273', '199', '173', '171', '169', '265', '267', '189', '267', '189', '269', '271', '181', '35', '181', '177', '181', '271', '269', '189', '267', '193', '113', '115', '111', '197', '191', '187']"
41,225,"['225', '217', '215', '213', '211', '209', '208', '206', '207', '205', '184', '185', '183', '179', '40', '1', '40', '179', '183', '185', '184', '205', '207', '206', '208', '209', '211', '213', '215', '217', '219', '217', '215', '213', '211', '209', '208', '206', '208', '209', '211', '237', '211', '213', '211', '209', '208', '206', '208', '209', '211', '209', '211', '237', '211', '213', '211', '237', '229', '213', '215', '213', '215', '213', '215', '213', '229', '213', '215', '213', '229', '231', '229', '237', '239', '237', '211', '209', '208', '206', '207', '205', '273', '205', '184', '205', '184', '185', '204', '187', '189', '187', '191', '193', '195', '161', '159', '157', '119', '120']"
42,225,"['225', '217', '215', '213', '211', '209', '208', '206', '207', '205', '184', '185', '183', '179', '40', '1', '40', '179', '183', '185', '184', '205', '207', '206', '208', '209', '211', '213', '215', '217', '219', '217', '215', '213', '211', '209', '208', '206', '207', '206', '208', '209', '211', '237', '211', '213', '229', '213', '211', '213', '229', '231', '229', '231', '229', '231', '229', '213', '215', '217', '215', '217', '215', '217', '215', '217', '215', '217', '215', '217', '215', '213', '211', '237', '211', '213', '215', '213', '229', '231', '229', '237', '239', '241', '243', '241', '243', '241', '247', '249', '251', '255', '253', '255', '50', '2', '50', '255', '247', '241']"
43,225,"['225', '217', '215', '213', '211', '209', '208', '206', '207', '205', '184', '185', '183', '179', '40', '1', '40', '179', '183', '185', '184', '205', '207', '206', '208', '209', '211', '213', '215', '217', '219', '217', '215', '213', '211', '209', '208', '206', '207', '205', '273', '205', '184', '185', '204', '187', '189', '187', '204', '185', '184', '205', '184', '185', '184', '205', '184', '205', '207', '205', '207', '206', '208', '209', '211', '237', '229', '231', '229', '237', '229', '213', '215', '217', '219', '217', '225', '217', '219', '217', '225', '217', '215', '213', '229', '231', '229', '237', '229', '213', '211', '209', '208', '206', '208', '206', '207', '206', '208', '209']"
44,225,"['225', '217', '215', '213', '211', '209', '208', '206', '207', '205', '184', '185', '183', '179', '40', '1', '40', '179', '183', '185', '184', '205', '207', '206', '208', '209', '211', '213', '215', '217', '219', '217', '215', '213', '211', '209', '208', '206', '207', '205', '207', '205', '207', '205', '207', '206', '208', '209', '211', '237', '229', '213', '211', '209', '211', '237', '229', '231', '229', '231', '229', '231', '229', '231', '229', '231', '229', '237', '211', '213', '211', '213', '229', '213', '215', '217', '215', '217', '215', '213', '229', '213', '211', '237', '229', '213', '211', '237', '239', '249', '239', '237', '211', '209', '208', '209', '211', '213', '211', '237']"
45,225,"['225', '217', '215', '213', '211', '209', '208', '206', '207', '205', '184', '185', '183', '179', '40', '1', '40', '179', '183', '185', '184', '205', '207', '206', '208', '209', '211', '213', '215', '217', '219', '217', '215', '213', '211', '209', '208', '206', '207', '205', '184', '205', '273', '275', '207', '275', '273', '205', '207', '275', '273', '275', '201', '203', '201', '199', '273', '205', '273', '275', '207', '205', '207', '206', '208', '209', '211', '209', '211', '237', '239', '241', '243', '241', '247', '249', '251', '255', '253', '255', '50', '2', '50', '255', '251', '249', '239', '241', '239', '237', '211', '213', '215', '217', '215', '213', '229', '231', '229', '213']"
46,225,"['225', '217', '215', '213', '211', '209', '208', '206', '207', '205', '184', '185', '183', '179', '40', '1', '40', '179', '183', '185', '184', '205', '207', '206', '208', '209', '211', '213', '215', '217', '219', '217', '215', '213', '211', '209', '208', '206', '207', '205', '184', '185', '204', '187', '189', '267', '189', '267', '193', '195', '161', '159', '157', '119', '120', '121', '125', '127', '129', '127', '20', '3', '20', '127', '20', '3', '20', '127', '20', '3', '20', '127', '129', '131', '129', '139', '141', '143', '15', '143', '141', '145', '147', '149', '151', '153', '125', '121', '123', '61', '60', '601', '61', '123', '61', '601', '60', '61', '60', 'River']"
47,225,"['225', '217', '215', '213', '211', '209', '208', '206', '207', '205', '184', '185', '183', '179', '40', '1', '40', '179', '183', '185', '184', '205', '207', '206', '208', '209', '211', '213', '215', '217', '219', '217', '215', '213', '211', '209', '208', '206', '207', '205', '184', '185', '184', '205', '273', '199', '273', '275', '201', '275', '201', '203', '201', '275', '201', '203', '201', '275', '201', '203', '201', '275', '207', '205', '207', '275', '273', '205', '184', '185', '184', '205', '207', '205', '273', '205', '184', '185', '204', '187', '189', '183', '179', '40', '1', '40', '179', '177', '179', '40', '1', '40', '179', '40', '179', '177', '181', '271', '269', '169']"
48,225,"['225', '217', '215', '213', '211', '209', '208', '206', '207', '205', '184', '185', '183', '179', '40', '1', '40', '179', '183', '185', '184', '205', '207', '206', '208', '209', '211', '213', '215', '217', '219', '217', '215', '213', '211', '209', '208', '206', '207', '205', '184', '185', '183', '189', '269', '169', '265', '267', '189', '187', '191', '187', '204', '187', '204', '185', '183', '189', '187', '191', '193', '195', '161', '159', '157', '119', '120', '121', '123', '61', '60', 'River', '60', 'River', '60', 'River', '60', 'River', '60', 'River', '60', '601', '61', '123', '121', '125', '127', '129', '131', '129', '139', '141', '143', '15', '143', '141', '145', '147', '149', '151']"
49,225,"['225', '217', '215', '213', '211', '209', '208', '206', '207', '205', '184', '185', '183', '179', '40', '1', '40', '179', '183', '185', '184', '205', '207', '206', '208', '209', '211', '213', '215', '217', '219', '217', '215', '213', '211', '209', '208', '206', '207', '205', '184', '185', '183', '185', '183', '189', '269', '271', '181', '177', '179', '177', '179', '40', '179', '177', '181', '271', '269', '169', '167', '169', '171', '173', '199', '201', '203', '201', '275', '207', '205', '273', '275', '201', '199', '273', '205', '184', '185', '183', '189', '187', '191', '193', '267', '265', '163', '161', '159', '157', '119', '120', '121', '123', '121', '123', '61', '60', 'River', '60']"
